EC Numbers,Occurrence
1.1.3.6,2
3.1.22.4,1
3.4.21.50,1
2.7.7.85,1
2.5.1.54,2
2.1.1.151,1
1.7.99.4,2
3.4.21.107,2
3.4.21.105,1
4.6.1.12,1
2.4.1.246,1
1.5.1.49,1
2.7.1.15,1
2.7.1.17,3
2.7.1.16,1
1.5.3.6,1
1.3.1.12,1
1.1.5.-,4
2.1.1.79,1
1.1.5.2,2
2.7.1.170,1
3.4.21.89,2
2.7.1.176,1
3.1.26.3,1
3.1.26.4,2
3.1.26.5,1
3.1.1.31,3
4.3.2.1,1
4.3.2.2,1
4.3.2.3,2
1.10.3.14,2
2.8.1.10,1
2.8.1.13,1
1.3.1.108,3
2.4.1.305,1
1.17.4.1,3
3.1.4.46,4
1.3.1.104,1
4.1.2.4,1
2.8.1.-,1
4.2.1.20,3
1.16.3.1,1
2.4.1.109,1
5.3.1.4,1
1.1.1.122,1
2.8.1.1,6
2.8.1.6,1
2.8.1.7,5
3.6.3.17,8
2.3.1.47,1
4.2.1.22,1
4.2.1.25,1
4.2.1.24,1
2.3.1.41,4
5.1.1.1,2
1.8.7.1,1
2.7.8.-,1
5.1.1.7,1
2.3.1.234,1
2.7.8.5,2
2.7.8.7,2
6.3.2.10,2
1.2.1.70,1
1.8.1.4,3
2.7.7.18,1
1.14.13.24,1
2.5.1.90,3
1.8.1.9,4
2.7.7.12,1
4.2.1.156,1
1.4.3.16,1
4.2.1.154,2
2.4.1.-,19
2.7.9.3,1
4.2.1.150,3
1.4.3.10,1
1.7.-.-,6
1.4.1.11,1
1.4.1.13,3
4.1.99.3,1
2.7.8.23,2
1.2.1.79,2
2.6.1.103,1
2.7.8.28,1
6.3.4.21,1
5.3.3.2,1
5.3.3.4,1
4.2.1.103,2
6.5.1.2,1
6.5.1.1,2
1.8.5.-,1
2.7.4.25,2
2.1.1.148,1
2.7.-.-,1
1.14.99.49,1
5.4.99.18,1
2.5.1.78,1
2.5.1.75,1
2.5.1.77,1
6.5.1.-,2
2.5.1.72,1
2.7.2.1,1
5.3.1.8,1
5.3.1.9,1
2.1.1.44,1
2.6.1.9,1
3.1.3.23,1
3.5.3.1,3
3.1.3.21,1
5.3.1.1,1
5.3.1.6,1
2.6.1.1,1
3.5.3.6,1
5.3.1.5,1
6.3.1.19,1
2.6.1.-,4
4.99.1.3,2
2.1.1.190,1
5.1.1.17,2
1.1.1.192,1
2.7.4.8,1
6.3.1.13,1
6.3.1.15,1
1.2.1.88,2
6.2.1.20,1
2.4.2.53,1
1.2.1.83,1
6.3.3.2,1
2.1.1.34,1
2.1.1.37,2
1.1.5.3,1
2.1.2.2,1
2.1.1.33,1
1.1.1.53,1
5.1.1.20,1
2.1.1.199,1
2.3.1.168,1
1.14.99.44,1
1.2.7.3,2
5.1.3.31,2
2.7.7.87,2
2.7.1.187,1
2.8.1.8,1
3.1.11.6,2
1.14.13.189,1
1.14.13.38,4
3.1.11.5,1
6.3.5.7,1
1.2.-.-,1
2.7.1.20,1
2.7.1.21,1
4.1.2.9,1
2.7.1.24,1
5.5.1.13,1
1.7.1.4,1
6.3.5.9,2
3.4.14.11,1
1.14.13.113,9
3.1.2.12,1
2.1.1.193,1
2.1.1.192,1
5.4.3.4,2
2.1.1.197,2
2.7.4.9,2
2.1.1.195,1
1.4.1.23,1
2.7.4.6,1
2.1.1.198,1
2.7.4.1,1
2.7.4.3,1
1.4.1.1,1
1.4.1.2,1
2.1.1.226,1
3.5.1.100,2
4.1.1.98,1
1.6.5.5,1
2.7.6.1,2
2.6.1.16,4
2.6.1.17,1
1.2.1.-,1
2.6.1.13,1
3.5.3.18,1
2.6.1.11,2
1.1.1.370,1
1.1.1.371,1
2.7.6.3,1
1.1.1.274,1
1.14.12.17,3
2.1.2.11,1
1.2.1.9,1
1.2.1.4,1
1.2.1.3,2
1.14.12.19,1
1.2.1.39,2
4.2.1.19,1
3.4.16.-,1
1.4.3.5,3
4.2.1.10,1
4.2.1.11,2
3.4.13.22,1
1.2.1.32,1
3.1.4.3,1
1.1.1.179,1
4.2.1.17,4
3.1.3.16,4
3.1.4.-,4
3.6.1.55,3
1.14.14.18,1
3.1.2.6,2
3.4.16.4,5
1.13.11.46,1
1.14.14.12,3
1.14.14.10,1
3.5.1.79,1
2.5.1.7,2
3.1.1.96,1
2.4.1.302,1
2.4.1.25,1
1.2.1.41,1
1.5.99.14,1
3.7.1.9,1
2.6.1.83,1
5.1.3.9,2
2.6.1.85,1
4.2.1.68,2
2.7.7.60,2
2.6.1.86,1
5.1.3.2,4
4.2.1.126,2
3.7.1.3,1
5.1.3.7,1
5.1.3.4,1
1.1.1.306,2
3.3.2.10,7
3.4.14.5,1
1.14.13.185,1
3.4.14.-,2
1.3.1.98,1
2.6.1.19,1
1.3.1.103,6
2.4.2.14,1
2.4.2.17,1
1.3.99.-,13
3.2.1.37,4
2.4.2.10,2
3.5.4.19,1
1.3.8.3,1
3.5.4.16,1
1.14.-.-,4
2.1.1.172,2
2.4.2.19,1
2.4.2.18,1
2.6.1.62,1
1.1.1.94,1
1.1.1.95,1
1.3.8.-,2
3.1.6.1,1
1.14.14.5,3
4.1.1.48,1
3.4.21.62,6
1.14.14.3,2
1.14.13.149,1
3.1.2.28,1
3.1.2.29,1
1.14.12.1,1
2.1.3.3,1
2.1.3.2,1
2.8.3.22,1
2.-.-.-,6
3.5.1.-,5
1.15.1.1,1
1.2.1.2,3
1.10.3.-,2
3.1.1.23,1
3.5.1.9,1
2.1.1.-,25
3.2.1.89,1
3.1.1.29,2
3.4.21.92,3
3.5.1.1,1
3.5.1.4,2
3.5.1.5,6
1.2.1.38,1
2.1.1.315,1
4.2.2.23,1
3.1.13.1,1
2.6.1.52,1
5.3.1.30,1
5.3.1.31,1
2.3.1.247,2
6.3.4.18,1
1.21.98.1,1
2.1.1.171,1
2.7.1.180,2
6.3.4.15,2
3.1.4.53,6
3.1.4.52,1
3.-.-.-,8
3.1.13.-,2
3.9.1.2,1
1.1.1.127,1
1.1.1.136,2
6.1.2.2,1
3.9.1.-,1
1.1.1.133,1
1.1.99.-,3
1.5.1.43,1
6.1.1.5,1
6.3.2.17,1
3.6.1.19,2
4.2.1.51,1
3.2.1.141,1
6.1.1.3,2
3.6.1.11,1
4.2.1.59,1
3.6.1.13,1
6.3.1.2,2
6.3.1.-,1
2.1.1.220,1
2.7.2.3,1
2.1.1.222,1
1.8.4.12,1
6.1.1.1,1
1.8.4.11,2
2.1.1.228,1
6.3.3.5,1
4.2.2.12,2
6.3.3.3,2
3.6.4.-,6
6.3.3.1,1
6.3.5.1,1
6.3.5.3,3
6.3.5.2,2
6.3.5.5,1
6.3.5.4,4
2.7.7.24,1
2.8.2.-,1
1.4.3.23,1
1.14.13.25,1
6.6.1.2,1
2.7.1.8,1
5.5.1.4,2
1.1.1.346,3
1.1.1.343,1
2.4.1.21,1
6.3.5.-,2
1.2.1.62,1
2.5.1.19,2
2.4.99.-,1
2.10.1.1,2
2.5.1.17,2
2.5.1.16,2
2.5.1.15,1
4.4.1.11,1
5.4.2.10,1
5.4.2.11,4
4.2.2.22,2
3.2.1.78,1
3.4.24.-,17
3.6.1.61,1
3.2.1.73,2
3.6.1.65,2
1.1.-.-,1
2.7.4.16,1
1.14.99.50,1
1.11.1.-,3
1.97.1.4,1
1.2.4.4,5
3.6.3.29,1
1.4.3.-,2
1.11.1.6,3
3.6.3.20,2
1.14.13.84,1
2.3.1.54,1
2.3.1.57,2
3.6.3.25,2
1.1.1.38,2
2.4.99.16,1
1.3.8.1,1
3.1.3.18,6
3.4.17.18,3
1.1.1.30,2
3.4.17.14,2
3.1.3.12,1
1.11.1.22,1
1.1.1.36,1
3.1.3.11,3
6.2.1.41,1
2.5.1.88,1
6.1.1.23,2
2.3.1.9,1
2.3.1.8,1
2.9.1.1,1
4.2.2.2,2
2.4.2.28,1
3.3.1.1,1
4.1.99.14,1
2.3.1.1,1
5.4.2.8,1
2.4.2.21,2
3.6.3.27,1
1.1.3.46,1
2.5.1.129,1
2.3.1.-,31
1.1.3.41,1
2.7.8.12,1
1.1.1.44,1
2.5.1.120,1
2.7.8.11,2
1.5.1.2,1
2.4.1.187,1
1.1.1.42,1
2.5.1.3,2
1.5.1.3,1
1.14.11.47,1
5.1.3.23,2
5.1.3.22,1
2.3.3.16,2
2.3.1.117,1
2.3.3.13,1
2.4.1.129,1
2.7.13.3,68
6.1.1.21,1
2.8.4.3,1
2.8.4.2,1
1.2.99.2,2
1.1.2.-,1
2.8.4.4,1
1.3.99.24,1
2.7.1.39,2
3.5.99.5,1
2.7.1.33,1
5.4.99.60,1
2.7.1.30,1
1.3.99.29,2
2.7.2.8,1
2.7.1.35,1
3.2.1.165,1
2.7.7.65,3
3.1.1.10,1
3.1.1.11,1
1.14.13.106,2
1.14.13.107,2
3.1.1.15,1
3.1.1.17,1
2.4.1.10,1
2.4.1.11,2
3.1.3.15,1
2.1.1.182,1
4.1.2.25,1
2.1.1.264,1
4.3.3.7,3
4.3.3.6,2
2.1.1.188,1
4.1.2.22,1
1.14.11.-,1
3.4.17.11,1
5.1.-.-,2
3.2.2.9,1
1.1.1.381,1
4.2.1.6,1
1.1.1.302,1
1.1.1.385,5
2.3.1.183,2
2.3.1.180,2
2.3.1.181,1
2.7.1.165,1
2.3.1.189,17
1.1.1.266,1
1.1.1.267,1
6.3.2.1,1
4.2.99.18,1
2.7.2.4,1
3.5.1.103,2
1.1.1.261,1
3.5.99.10,2
6.3.2.6,1
4.3.1.19,1
3.4.11.18,3
1.1.1.268,1
1.3.8.10,1
2.3.1.61,1
6.3.2.48,3
2.4.2.-,2
3.2.1.136,2
1.2.1.46,1
4.2.1.1,2
6.3.2.47,1
3.2.1.132,1
3.2.1.131,1
2.4.2.9,1
2.4.2.8,1
3.6.1.26,1
3.6.1.27,3
3.6.1.22,3
3.6.1.23,1
2.4.2.1,1
2.7.9.1,1
2.4.2.4,1
2.4.2.7,2
4.1.1.20,1
3.1.11.-,1
2.7.11.1,22
2.7.7.70,1
2.7.7.72,1
2.7.7.75,1
2.7.7.77,1
1.-.-.-,47
3.2.1.180,1
2.3.1.16,4
4.2.1.135,1
4.2.1.96,1
2.3.1.12,3
1.1.1.312,1
1.1.1.311,1
3.1.11.2,1
2.3.1.18,2
5.4.2.2,2
6.2.1.44,1
2.5.1.-,2
4.2.1.151,1
1.6.99.1,1
1.1.1.79,1
1.6.99.3,1
1.6.99.-,3
2.5.1.6,1
1.17.1.4,3
1.3.1.86,1
1.17.1.8,1
3.1.31.-,1
4.1.1.100,1
2.5.1.9,1
3.5.4.23,1
5.4.99.-,2
3.5.1.91,1
3.5.4.25,1
2.7.1.-,3
2.1.1.163,6
1.17.7.4,1
1.1.1.85,1
1.17.7.3,1
2.1.1.164,3
1.1.1.86,1
2.7.1.4,4
2.7.1.6,1
2.7.1.2,6
5.4.99.5,1
3.1.2.-,4
5.4.99.2,4
2.5.1.48,1
2.7.1.107,1
2.7.8.26,1
1.9.3.1,5
6.2.1.39,1
6.2.1.30,2
2.7.7.68,2
2.4.1.266,1
2.8.3.19,1
5.3.1.16,1
5.1.3.1,1
5.1.3.25,1
5.4.99.25,1
3.6.3.14,2
2.7.1.71,1
6.3.2.13,1
3.2.1.91,4
4.1.1.23,1
4.1.99.17,1
2.6.1.106,1
1.2.5.1,1
2.7.7.13,1
1.1.1.49,3
2.1.1.208,1
2.1.1.13,1
2.1.1.11,1
1.1.1.205,2
4.1.1.-,3
1.11.1.1,1
4.2.99.20,4
5.1.3.10,1
2.1.1.302,1
2.7.2.11,1
4.-.-.-,1
4.1.99.18,1
3.4.21.80,2
2.6.1.42,1
4.1.99.13,1
4.1.1.7,1
5.3.1.29,2
1.1.1.47,2
4.1.1.2,1
3.6.3.12,1
1.1.1.37,1
1.1.1.103,3
1.1.1.100,16
3.1.21.2,2
3.5.2.7,2
3.5.2.6,3
1.5.1.38,2
3.5.2.3,1
1.5.1.36,3
3.2.1.39,2
3.5.1.25,1
4.2.1.46,1
4.1.3.24,1
4.2.1.44,2
2.7.7.-,1
3.5.4.13,1
3.5.1.29,3
3.5.1.28,3
4.2.1.49,1
1.6.1.1,1
2.7.7.8,1
4.1.2.13,2
2.7.7.3,2
2.7.7.7,10
2.7.7.6,4
2.7.7.4,1
3.4.23.36,1
2.6.1.39,4
3.4.21.88,1
4.1.1.31,1
3.1.13.5,1
2.4.1.54,3
3.2.2.30,1
5.2.1.8,7
1.3.3.4,1
4.2.99.-,1
2.7.4.22,1
3.6.3.40,2
2.3.1.111,1
3.6.3.43,1
1.2.1.12,2
1.2.1.11,2
1.2.1.10,1
1.2.1.16,1
1.11.1.15,7
1.2.1.19,1
1.11.1.10,1
1.13.12.16,1
2.2.1.1,1
2.2.1.2,1
2.3.1.201,1
2.2.1.5,1
2.2.1.6,3
2.2.1.7,1
3.6.-.-,3
1.1.1.328,2
1.5.5.2,1
2.7.7.41,1
2.7.7.42,1
3.2.1.178,1
1.8.4.8,1
2.5.1.94,1
6.6.1.1,1
2.5.1.99,1
3.2.1.177,3
1.14.13.92,1
3.6.3.32,1
1.6.5.-,3
2.4.1.212,2
2.1.1.63,2
1.14.13.141,1
1.1.1.23,1
1.1.1.22,1
1.1.1.25,1
2.7.8.13,1
1.14.15.9,1
2.4.1.227,3
1.4.99.5,1
3.5.4.3,1
3.4.11.9,1
1.14.15.3,1
1.6.5.2,7
3.5.4.5,1
3.5.4.4,1
6.1.1.11,1
6.1.1.10,1
6.1.1.17,1
6.1.1.16,1
6.1.1.15,4
6.1.1.14,1
1.3.7.9,1
6.1.1.19,2
4.1.3.-,1
1.3.5.2,1
1.3.5.1,2
1.3.5.4,2
1.3.5.5,1
3.1.21.7,1
2.5.1.113,1
2.3.1.79,1
6.1.1.9,2
6.1.1.7,2
6.1.1.6,1
1.14.13.-,5
6.1.1.4,1
2.3.1.102,3
6.1.1.2,2
3.6.3.-,79
4.2.1.33,2
1.14.13.7,1
2.3.2.13,1
3.6.3.4,1
3.5.1.13,1
1.14.13.9,1
1.14.19.-,3
3.4.11.-,1
4.1.-.-,2
2.4.1.250,8
3.6.4.12,17
3.6.4.13,5
3.4.-.-,11
2.1.1.297,3
4.1.2.49,1
1.14.13.131,1
2.7.1.148,1
6.4.1.2,1
6.4.1.3,3
2.7.1.144,2
3.1.3.1,3
4.2.3.90,2
4.1.3.27,4
2.1.1.271,1
1.13.11.5,1
1.13.11.6,1
2.7.1.23,2
1.13.11.2,1
2.4.1.331,1
2.7.7.53,1
2.1.2.1,2
5.3.3.18,1
3.5.1.115,1
3.5.1.112,1
5.3.1.28,1
1.1.1.157,3
1.13.11.27,1
1.13.11.24,4
3.5.1.118,1
3.5.1.18,2
3.4.17.-,2
3.4.11.5,2
3.1.3.-,7
3.5.1.16,1
3.4.11.6,1
3.4.11.1,2
3.5.1.11,2
3.4.11.2,5
3.6.5.-,2
3.1.3.5,5
3.8.1.5,3
3.1.3.7,1
3.8.1.3,5
3.8.1.2,3
3.6.1.31,1
3.1.3.3,10
3.4.25.1,2
3.6.1.1,2
1.14.13.59,1
6.3.4.14,3
3.6.1.8,1
2.7.1.63,1
2.7.7.9,1
1.4.4.2,1
4.2.1.80,1
4.1.3.4,1
3.6.1.-,8
4.2.1.148,1
4.4.1.8,1
3.1.1.2,2
2.7.8.31,3
1.1.1.60,2
4.4.1.1,1
4.4.1.5,1
1.1.1.69,1
3.2.1.18,3
3.2.1.10,3
3.1.1.-,11
3.2.1.14,7
3.2.1.17,2
3.5.1.87,1
3.4.13.-,1
1.11.1.21,1
3.1.3.25,1
3.5.4.33,1
3.5.4.32,1
3.6.3.31,1
1.3.1.-,3
4.1.1.11,1
3.5.1.88,4
2.4.1.18,2
2.5.1.68,1
3.4.21.-,15
2.5.1.61,1
1.3.1.9,1
4.1.1.86,2
1.14.15.12,2
1.14.15.15,1
2.7.1.48,2
2.7.1.49,1
5.1.3.3,1
2.1.2.9,1
5.4.99.12,1
2.7.1.40,1
3.2.2.-,6
6.2.1.27,1
6.2.1.26,1
5.4.99.15,1
2.7.1.45,3
6.2.1.5,2
6.2.1.1,2
6.2.1.3,3
3.1.26.12,1
1.3.1.28,1
3.1.26.11,2
5.4.3.2,1
1.7.1.15,1
3.5.4.40,1
2.4.2.47,1
3.1.1.45,1
4.1.1.37,1
3.1.3.48,4
3.1.1.41,3
6.2.1.-,1
1.1.1.67,1
1.18.1.2,1
4.1.1.65,1
1.13.11.11,1
4.6.1.1,2
5.4.3.8,1
5.1.3.32,1
2.3.1.174,2
3.2.-.-,2
4.3.1.17,1
2.3.1.179,7
3.1.1.3,4
1.1.98.3,1
1.1.98.2,6
1.1.1.292,2
1.6.5.12,1
3.1.1.1,3
1.6.5.11,21
1.1.1.298,1
1.21.-.-,2
2.1.2.10,2
1.2.4.1,4
4.1.1.32,1
1.1.98.-,5
1.20.4.1,1
1.5.1.20,1
2.1.1.144,2
2.1.1.316,1
3.2.1.8,26
4.2.3.5,1
3.2.1.4,14
4.2.1.-,1
3.2.1.1,3
3.1.1.81,1
6.3.2.-,5
6.3.2.2,7
3.2.1.23,4
4.2.1.2,2
4.2.1.3,1
6.3.2.4,3
3.1.-.-,17
2.3.1.182,1
6.3.2.8,1
6.3.2.9,1
4.2.1.8,1
4.2.1.9,1
6.3.4.4,2
6.3.4.5,2
2.6.1.21,1
2.4.1.57,5
2.7.1.90,1
6.3.4.2,1
4.99.1.1,1
3.5.1.111,1
1.1.1.361,2
4.2.-.-,3
1.1.1.367,1
3.2.1.28,6
1.1.1.203,2
3.2.2.28,2
3.2.2.24,1
3.2.2.27,1
3.2.2.26,1
3.2.2.20,1
3.2.2.23,1
2.5.1.30,1
3.1.1.88,1
2.3.1.157,1
1.12.1.2,1
2.3.1.82,2
6.3.4.19,1
5.1.3.30,1
3.6.3.54,2
3.2.1.55,18
1.2.1.20,1
3.2.1.52,7
2.7.10.2,1
4.2.3.31,1
3.5.1.49,1
3.2.1.58,2
3.6.1.40,1
2.4.-.-,4
3.4.24.77,1
3.4.24.75,2
2.1.1.295,2
2.3.1.210,1
3.5.1.104,2
2.1.1.298,1
1.3.-.-,5
6.3.4.13,1
4.1.3.39,1
3.2.1.-,6
6.3.2.39,1
2.7.7.56,1
2.3.1.39,1
4.1.3.30,1
4.2.1.70,1
6.3.2.31,1
6.3.2.34,1
3.4.11.10,1
6.4.-.-,1
3.1.3.71,1
3.1.3.73,1
1.1.1.-,24
1.1.1.14,1
4.3.1.14,1
5.3.1.12,1
3.4.21.53,3
1.1.1.1,11
1.1.1.3,2
4.2.3.4,1
3.2.1.21,7
3.2.1.22,6
2.3.2.-,3
4.2.3.1,3
6.1.1.20,2
3.1.1.84,2
4.1.1.77,1
3.1.3.82,1
1.8.-.-,6
1.11.2.4,1
5.99.1.2,1
5.99.1.3,4
2.7.7.27,1
5.99.1.4,1
2.3.2.2,1
